id,first_name,last_name,email,gender,Country
1,Jimmy,Henighan,jhenighan0@state.tx.us,Non-binary,Brazil
2,Raven,Roughley,rroughley1@quantcast.com,Female,Gabon
3,Halette,Lanning,hlanning2@360.cn,Female,Cameroon
4,Dael,Dorkens,ddorkens3@oakley.com,Female,Poland
5,Angie,Bellchamber,abellchamber4@cyberchimps.com,Female,China
6,Isabelle,Malitrott,imalitrott5@ucsd.edu,Female,Philippines
7,Jemimah,Hyman,jhyman6@ft.com,Genderfluid,United States
8,Ingelbert,Barkus,ibarkus7@bluehost.com,Male,Finland
9,Zea,Ashby,zashby8@freewebs.com,Female,China
10,Danyelle,Sabatier,dsabatier9@discuz.net,Female,Colombia
11,Elizabeth,Kiley,ekileya@bluehost.com,Female,China
12,Antin,Hanby,ahanbyb@bbb.org,Male,Brazil
13,Hilde,Puckham,hpuckhamc@cocolog-nifty.com,Female,Portugal
14,Coretta,Choak,cchoakd@irs.gov,Agender,Australia
15,Gwenora,Charer,gcharere@wisc.edu,Female,Dominican Republic
16,Eberto,Eberz,eeberzf@squarespace.com,Male,Gambia
17,Tyson,Heiden,theideng@biblegateway.com,Male,Slovenia
18,Augy,Wythe,awytheh@stumbleupon.com,Male,China
19,Car,Bowbrick,cbowbricki@altervista.org,Male,Belarus
20,Bailie,Maplesden,bmaplesdenj@shareasale.com,Male,Indonesia
21,Thayne,Orteu,torteuk@usa.gov,Male,China
22,Ephrayim,Troke,etrokel@independent.co.uk,Male,Indonesia
23,Godiva,Burnell,gburnellm@slate.com,Female,Sweden
24,Court,Rozzell,crozzelln@geocities.jp,Male,China
25,Tanney,Beddard,tbeddardo@weebly.com,Male,Venezuela
26,Dillon,Harrington,dharringtonp@cdbaby.com,Male,China
27,Florence,Cuff,fcuffq@people.com.cn,Female,China
28,Pauli,Vero,pveror@globo.com,Female,Poland
29,Xavier,Guntrip,xguntrips@google.com,Male,Mexico
30,Stacia,MacKegg,smackeggt@addtoany.com,Female,Ukraine
31,Brear,Jewks,bjewksu@sbwire.com,Female,China
32,Weber,Creebo,wcreebov@statcounter.com,Male,Russia
33,David,Delong,ddelongw@unc.edu,Male,China
34,Valentino,Genge,vgengex@globo.com,Genderqueer,Indonesia
35,Win,Ezzle,wezzley@independent.co.uk,Male,China
36,Lenee,Lockhart,llockhartz@prnewswire.com,Genderfluid,Canada
37,Malorie,Ealles,mealles10@etsy.com,Female,Indonesia
38,Atlanta,Denyukhin,adenyukhin11@msu.edu,Female,China
39,Meggie,Wooddisse,mwooddisse12@wordpress.org,Female,Indonesia
40,Ninnette,Geipel,ngeipel13@nasa.gov,Female,France
41,Marissa,Slott,mslott14@elpais.com,Female,Poland
42,Byrann,Pattie,bpattie15@thetimes.co.uk,Male,China
43,Cecile,Kenafaque,ckenafaque16@mlb.com,Female,Japan
44,Daisie,Himsworth,dhimsworth17@freewebs.com,Female,Kosovo
45,Claiborne,Bachanski,cbachanski18@nyu.edu,Male,China
46,Patricio,Varga,pvarga19@facebook.com,Male,Poland
47,Dorelia,Westrope,dwestrope1a@canalblog.com,Female,Czech Republic
48,Clim,Dameisele,cdameisele1b@ebay.co.uk,Male,China
49,Ashton,Hynes,ahynes1c@tuttocitta.it,Male,China
50,Salmon,Horbath,shorbath1d@squidoo.com,Male,Dominican Republic
51,Haley,Shevlin,hshevlin1e@joomla.org,Female,Indonesia
52,Danika,Coviello,dcoviello1f@comsenz.com,Female,Guinea
53,Angelique,Jerger,ajerger1g@bloglines.com,Female,France
54,Peirce,Swaton,pswaton1h@google.com,Male,United States
55,Alleyn,Brisseau,abrisseau1i@bigcartel.com,Male,Nicaragua
56,Russ,Magovern,rmagovern1j@wunderground.com,Male,Russia
57,Cherin,Ginley,cginley1k@google.ru,Bigender,United States
58,Valery,Danielli,vdanielli1l@phpbb.com,Female,Indonesia
59,Lyell,Zannuto,lzannuto1m@java.com,Male,Laos
60,Bronny,Goatcher,bgoatcher1n@acquirethisname.com,Male,China
61,Des,Aspell,daspell1o@shinystat.com,Male,Norway
62,Alon,Kenforth,akenforth1p@parallels.com,Male,Bolivia
63,Roana,Farrington,rfarrington1q@irs.gov,Female,Barbados
64,Deane,Rolles,drolles1r@jugem.jp,Male,Sweden
65,Tess,Raithbie,traithbie1s@domainmarket.com,Agender,China
66,Genevra,Tomsu,gtomsu1t@washingtonpost.com,Female,Portugal
67,Urbanus,Checcucci,ucheccucci1u@ask.com,Male,Indonesia
68,Sharlene,Cocozza,scocozza1v@npr.org,Female,Philippines
69,Rhoda,De Angelo,rdeangelo1w@dropbox.com,Female,Kyrgyzstan
70,Jessamine,Kedge,jkedge1x@yahoo.com,Female,Brunei
71,Sibyl,Casini,scasini1y@webnode.com,Female,Indonesia
72,Karie,Eykelhof,keykelhof1z@altervista.org,Female,Croatia
73,Ernesta,Spohrmann,espohrmann20@nydailynews.com,Female,Poland
74,Tonye,Deekes,tdeekes21@barnesandnoble.com,Female,Peru
75,Jere,Ellse,jellse22@tinypic.com,Female,Philippines
76,Vincents,Loidl,vloidl23@ning.com,Male,China
77,Jackie,Matchett,jmatchett24@census.gov,Female,France
78,Rowney,De Maria,rdemaria25@dell.com,Polygender,Uzbekistan
79,Standford,Triggol,striggol26@gov.uk,Male,Germany
80,Phedra,Brearty,pbrearty27@github.com,Female,Brazil
81,Babette,Harkes,bharkes28@theatlantic.com,Female,China
82,Cammie,Wildman,cwildman29@fc2.com,Female,Honduras
83,Flem,McKeller,fmckeller2a@weebly.com,Male,China
84,Alfy,Roma,aroma2b@jalbum.net,Female,China
85,Devonna,Waggett,dwaggett2c@fema.gov,Female,Brazil
86,Brnaby,Dover,bdover2d@youtube.com,Male,China
87,Lauryn,Alliott,lalliott2e@disqus.com,Female,Argentina
88,Alla,Greenly,agreenly2f@constantcontact.com,Female,China
89,Merell,Fearnyough,mfearnyough2g@theatlantic.com,Male,Afghanistan
90,Cristen,Mehmet,cmehmet2h@cdbaby.com,Female,Czech Republic
91,Fae,Bossel,fbossel2i@reference.com,Female,Philippines
92,Chloette,McKeowon,cmckeowon2j@dropbox.com,Female,Thailand
93,Karol,Boshard,kboshard2k@mozilla.com,Female,Serbia
94,Sammy,Boydle,sboydle2l@rediff.com,Female,Indonesia
95,Jard,Jellicorse,jjellicorse2m@deliciousdays.com,Male,Cuba
96,Consolata,Avery,cavery2n@nytimes.com,Non-binary,Finland
97,Karil,Marchant,kmarchant2o@free.fr,Female,France
98,Salim,Matzl,smatzl2p@e-recht24.de,Male,Brazil
99,Saba,Vashchenko,svashchenko2q@disqus.com,Female,Finland
100,Abdul,Nestoruk,anestoruk2r@narod.ru,Male,United States
101,Evanne,Wardingley,ewardingley2s@wisc.edu,Female,Denmark
102,Damon,Kinvan,dkinvan2t@artisteer.com,Male,Brazil
103,Leone,Tumulty,ltumulty2u@irs.gov,Female,China
104,Debra,Domeny,ddomeny2v@photobucket.com,Female,Brazil
105,Morgen,Mackerness,mmackerness2w@elpais.com,Female,Kenya
106,Palmer,Peirone,ppeirone2x@cbc.ca,Male,Russia
107,Sergio,Skyppe,sskyppe2y@cocolog-nifty.com,Male,Indonesia
108,Anselma,Izzett,aizzett2z@indiatimes.com,Polygender,Russia
109,Nickolaus,Swayte,nswayte30@nbcnews.com,Male,Nigeria
110,Nessie,Borgnol,nborgnol31@cnn.com,Female,France
111,Essie,Cornwall,ecornwall32@list-manage.com,Female,Brazil
112,Emanuel,Whiteway,ewhiteway33@jugem.jp,Male,Sweden
113,Winston,Jakaway,wjakaway34@harvard.edu,Non-binary,Indonesia
114,Garvey,Gleeson,ggleeson35@godaddy.com,Male,Tajikistan
115,Sergeant,Shaves,sshaves36@bloomberg.com,Male,China
116,Edgar,Bartlomiejczyk,ebartlomiejczyk37@odnoklassniki.ru,Male,Russia
117,Luciano,Conneau,lconneau38@digg.com,Male,Indonesia
118,Inglis,Bierling,ibierling39@wikipedia.org,Male,Morocco
119,Conni,Ornils,cornils3a@yahoo.co.jp,Female,Panama
120,Ara,Walley,awalley3b@oracle.com,Male,Mongolia
121,Skippy,Cromb,scromb3c@photobucket.com,Male,Russia
122,Charlton,Draisey,cdraisey3d@ucla.edu,Male,Indonesia
123,Tad,Bromwich,tbromwich3e@auda.org.au,Non-binary,China
124,Valina,Lavell,vlavell3f@springer.com,Female,China
125,Jeanne,Winkett,jwinkett3g@eepurl.com,Female,Thailand
126,Batsheva,Martijn,bmartijn3h@bloomberg.com,Female,Poland
127,Amelina,Egdell,aegdell3i@oracle.com,Female,Indonesia
128,Ashia,Hinchshaw,ahinchshaw3j@columbia.edu,Non-binary,China
129,Helaine,Putson,hputson3k@163.com,Female,China
130,Vicki,Fantonetti,vfantonetti3l@mayoclinic.com,Genderfluid,China
131,Ethelda,Meake,emeake3m@blinklist.com,Female,Suriname
132,Molly,Fookes,mfookes3n@topsy.com,Non-binary,China
133,Belicia,Forbear,bforbear3o@craigslist.org,Female,China
134,Vonni,Christopher,vchristopher3p@va.gov,Female,China
135,Renard,Skoof,rskoof3q@people.com.cn,Male,Malaysia
136,Nertie,Gimeno,ngimeno3r@webnode.com,Female,China
137,Jaime,Chatterton,jchatterton3s@psu.edu,Male,Afghanistan
138,Crystie,Birch,cbirch3t@soup.io,Genderqueer,Brazil
139,Darbee,Jervois,djervois3u@google.de,Male,China
140,Lavena,Leonard,lleonard3v@youtu.be,Female,Kazakhstan
141,Hilary,Fiddeman,hfiddeman3w@jalbum.net,Female,Philippines
142,Hanny,Ackenson,hackenson3x@xinhuanet.com,Female,Peru
143,Catie,Rustidge,crustidge3y@mail.ru,Female,Ukraine
144,Iain,Dunbleton,idunbleton3z@guardian.co.uk,Male,Sudan
145,Lurlene,Kleszinski,lkleszinski40@vk.com,Female,Indonesia
146,Etta,Quinnette,equinnette41@salon.com,Female,Mexico
147,Rosemary,Jobling,rjobling42@home.pl,Female,Ecuador
148,Maritsa,Follet,mfollet43@google.nl,Polygender,Brazil
149,Wenonah,Karlicek,wkarlicek44@naver.com,Female,Indonesia
150,Ellen,Hamflett,ehamflett45@rakuten.co.jp,Female,Russia
151,Amie,Gudgeon,agudgeon46@nsw.gov.au,Female,Argentina
152,Daniel,Cowins,dcowins47@ebay.com,Male,Poland
153,Yanaton,Reddyhoff,yreddyhoff48@ihg.com,Non-binary,Colombia
154,Dianne,Mayer,dmayer49@disqus.com,Female,Russia
155,Currey,Alenov,calenov4a@exblog.jp,Male,Poland
156,Urson,Sergeant,usergeant4b@xrea.com,Polygender,Nigeria
157,Brittany,Pau,bpau4c@flickr.com,Bigender,Portugal
158,Eleonore,Fuzzey,efuzzey4d@feedburner.com,Female,United States
159,Dionysus,Sedgebeer,dsedgebeer4e@biblegateway.com,Male,United Kingdom
160,Jeana,Moscon,jmoscon4f@ameblo.jp,Female,Indonesia
161,Felike,Leverich,fleverich4g@columbia.edu,Male,China
162,Rowen,Gomes,rgomes4h@feedburner.com,Male,Serbia
163,Karly,Jennings,kjennings4i@reverbnation.com,Female,China
164,Margit,MacSwayde,mmacswayde4j@angelfire.com,Female,Serbia
165,Donielle,Devil,ddevil4k@cbc.ca,Female,Indonesia
166,Alethea,Vernau,avernau4l@wufoo.com,Female,Philippines
167,Algernon,Errigo,aerrigo4m@mozilla.com,Male,Philippines
168,Hubey,Snoden,hsnoden4n@intel.com,Male,Colombia
169,Gaby,Prestige,gprestige4o@apple.com,Male,Portugal
170,Tremaine,Weepers,tweepers4p@macromedia.com,Male,Honduras
171,Blayne,Lougheed,blougheed4q@zdnet.com,Male,Argentina
172,Eliza,Utteridge,eutteridge4r@sciencedirect.com,Female,Vietnam
173,Rebeca,Van den Dael,rvandendael4s@imageshack.us,Female,Philippines
174,Sylvan,Giller,sgiller4t@slideshare.net,Male,Indonesia
175,Georg,Burgin,gburgin4u@creativecommons.org,Male,Indonesia
176,Silva,Gosker,sgosker4v@hexun.com,Genderqueer,Vietnam
177,Barbie,Arondel,barondel4w@paginegialle.it,Female,Russia
178,Daisey,Haysar,dhaysar4x@drupal.org,Female,China
179,Benoite,Ashman,bashman4y@sciencedirect.com,Female,China
180,Annabell,Chidler,achidler4z@sakura.ne.jp,Female,Indonesia
181,Dagmar,McGarrity,dmcgarrity50@tinypic.com,Female,Indonesia
182,Cyndie,Gillings,cgillings51@wiley.com,Female,Sweden
183,Thorstein,Kingh,tkingh52@naver.com,Male,Philippines
184,Humbert,Walwood,hwalwood53@w3.org,Male,Indonesia
185,Boonie,Birkin,bbirkin54@php.net,Male,South Africa
186,Ebenezer,Brissard,ebrissard55@issuu.com,Male,Portugal
187,Lindsey,Dubery,ldubery56@ted.com,Female,Costa Rica
188,Orland,Darington,odarington57@columbia.edu,Polygender,Russia
189,Chloe,Robertot,crobertot58@ted.com,Female,Indonesia
190,Brandise,Wyeld,bwyeld59@blogtalkradio.com,Genderfluid,Indonesia
191,Pavlov,Mell,pmell5a@taobao.com,Male,China
192,Allyn,Ivens,aivens5b@wiley.com,Female,Slovenia
193,Cam,Gouldie,cgouldie5c@addthis.com,Female,Canada
194,Tannie,Pettman,tpettman5d@geocities.com,Male,Mongolia
195,Lorrayne,McIlmorow,lmcilmorow5e@tinypic.com,Female,Poland
196,Ladonna,Boyall,lboyall5f@qq.com,Female,Indonesia
197,Corrina,Growy,cgrowy5g@elpais.com,Agender,Greece
198,Beale,Bytheway,bbytheway5h@cisco.com,Male,South Africa
199,Francesca,Skelcher,fskelcher5i@chron.com,Female,Democratic Republic of the Congo
200,Josias,Alves,jalves5j@lulu.com,Male,Finland
201,Shem,Shaplin,sshaplin5k@netvibes.com,Male,Poland
202,Cesaro,Pimmocke,cpimmocke5l@bizjournals.com,Male,Bulgaria
203,Janessa,Vaugham,jvaugham5m@patch.com,Female,China
204,Jacquie,Waddams,jwaddams5n@barnesandnoble.com,Female,Libya
205,Richmound,Kenrick,rkenrick5o@marriott.com,Male,France
206,Alvan,Wrennall,awrennall5p@nih.gov,Male,Mexico
207,Care,Smallcombe,csmallcombe5q@nih.gov,Male,United Kingdom
208,Delmor,Phalip,dphalip5r@earthlink.net,Male,Costa Rica
209,Moishe,Yoodall,myoodall5s@prnewswire.com,Male,Indonesia
210,Goldi,Helliwell,ghelliwell5t@arstechnica.com,Female,United States
211,Catherine,Dymoke,cdymoke5u@fotki.com,Female,Libya
212,Kath,Keynes,kkeynes5v@skype.com,Female,Indonesia
213,Rafa,Lamba,rlamba5w@moonfruit.com,Female,China
214,Danya,Brisley,dbrisley5x@tripod.com,Male,Russia
215,Reinaldo,Bradborne,rbradborne5y@wordpress.org,Genderfluid,Finland
216,Thorsten,Ajam,tajam5z@behance.net,Male,Sweden
217,Doroteya,Mowatt,dmowatt60@tripadvisor.com,Non-binary,Tanzania
218,Karoly,Maitland,kmaitland61@gnu.org,Female,Peru
219,Yolane,Buret,yburet62@infoseek.co.jp,Female,United States
220,Saunderson,Free,sfree63@hhs.gov,Male,Mexico
221,Quintin,Drance,qdrance64@java.com,Male,France
222,Bradford,Kilban,bkilban65@github.io,Male,China
223,Delaney,Haggerty,dhaggerty66@cnn.com,Male,China
224,Glenden,Geraghty,ggeraghty67@disqus.com,Male,China
225,Gordie,Gruszczak,ggruszczak68@eepurl.com,Agender,Philippines
226,Yetta,Dast,ydast69@pen.io,Polygender,Sri Lanka
227,Penrod,Lamminam,plamminam6a@house.gov,Male,Sweden
228,Shalom,Esposita,sesposita6b@bizjournals.com,Polygender,Philippines
229,Tobe,Pyott,tpyott6c@so-net.ne.jp,Male,Thailand
230,Shirlee,Gomery,sgomery6d@indiegogo.com,Female,Nigeria
231,Lilith,Abramovitch,labramovitch6e@oaic.gov.au,Female,Indonesia
232,Reagan,Parkey,rparkey6f@sourceforge.net,Male,China
233,Corabella,Hardinge,chardinge6g@smugmug.com,Female,Malawi
234,Fara,Kindread,fkindread6h@uiuc.edu,Female,Indonesia
235,Phylys,Doyle,pdoyle6i@github.com,Female,Russia
236,Andros,Budgett,abudgett6j@opensource.org,Male,Armenia
237,Felike,Liddiatt,fliddiatt6k@amazon.co.jp,Male,Philippines
238,Waring,Matchett,wmatchett6l@tinypic.com,Male,Malaysia
239,Jamison,Fautley,jfautley6m@privacy.gov.au,Polygender,Norway
240,Garfield,Orr,gorr6n@livejournal.com,Male,Indonesia
241,Fidelity,Maton,fmaton6o@issuu.com,Female,China
242,Gladys,Haken,ghaken6p@archive.org,Bigender,Colombia
243,Mahala,Alman,malman6q@hc360.com,Female,Dominican Republic
244,Kory,Lodge,klodge6r@sina.com.cn,Male,United States
245,Leyla,Losemann,llosemann6s@live.com,Female,Japan
246,Odilia,Geraud,ogeraud6t@sbwire.com,Female,Russia
247,Sharon,Hospital,shospital6u@cargocollective.com,Female,North Korea
248,Magdalene,Tolumello,mtolumello6v@unc.edu,Female,Greece
249,Gizela,Gleadhall,ggleadhall6w@photobucket.com,Female,China
250,Sande,Kops,skops6x@phpbb.com,Genderqueer,China
251,Normie,Coots,ncoots6y@exblog.jp,Male,Russia
252,Gaylor,McQuarrie,gmcquarrie6z@washingtonpost.com,Male,Guyana
253,Remington,Pattie,rpattie70@cnn.com,Male,Syria
254,Shannen,Parradye,sparradye71@reuters.com,Female,Indonesia
255,Austen,Ottee,aottee72@businesswire.com,Bigender,Brazil
256,Chantal,Quinby,cquinby73@ihg.com,Female,Indonesia
257,Simonette,Reinbeck,sreinbeck74@mlb.com,Female,Indonesia
258,Dorolice,Glaum,dglaum75@digg.com,Female,Ukraine
259,Cary,Jurewicz,cjurewicz76@webs.com,Male,China
260,Liana,Bake,lbake77@hugedomains.com,Female,China
261,Terry,Chicchetto,tchicchetto78@stumbleupon.com,Male,China
262,Hedwiga,Mountcastle,hmountcastle79@thetimes.co.uk,Female,Burkina Faso
263,Alaric,MacElane,amacelane7a@ning.com,Male,Poland
264,Park,Alexandre,palexandre7b@163.com,Male,Ukraine
265,Adey,Tamburi,atamburi7c@github.io,Non-binary,Chad
266,Daphne,Harner,dharner7d@technorati.com,Female,United States
267,Alaric,Paulig,apaulig7e@com.com,Genderqueer,Philippines
268,Richie,Sheward,rsheward7f@aol.com,Male,China
269,Oates,Voaden,ovoaden7g@aboutads.info,Male,Mexico
270,Justino,Busher,jbusher7h@bandcamp.com,Male,Argentina
271,Fayth,Ivanchin,fivanchin7i@hibu.com,Female,Brazil
272,Drusilla,Pamphilon,dpamphilon7j@miitbeian.gov.cn,Female,China
273,Vincents,Dubock,vdubock7k@de.vu,Male,Australia
274,Denys,Kemitt,dkemitt7l@vimeo.com,Female,China
275,Laura,Stilliard,lstilliard7m@engadget.com,Female,China
276,Zedekiah,Ceschini,zceschini7n@fda.gov,Male,Sweden
277,Halimeda,Clow,hclow7o@shinystat.com,Female,Cameroon
278,Madonna,Smewin,msmewin7p@yelp.com,Female,Pakistan
279,Sibley,Werrilow,swerrilow7q@phoca.cz,Female,China
280,Hamnet,Maddra,hmaddra7r@ft.com,Genderfluid,Hungary
281,Cordelie,Cicccitti,ccicccitti7s@taobao.com,Female,Ireland
282,Seana,Colthurst,scolthurst7t@businessweek.com,Female,China
283,Ilysa,Lakenden,ilakenden7u@nifty.com,Female,Indonesia
284,Nicola,Bineham,nbineham7v@upenn.edu,Female,China
285,Nataniel,De Carteret,ndecarteret7w@nytimes.com,Male,Russia
286,Alberta,Jorczyk,ajorczyk7x@disqus.com,Female,Colombia
287,Alli,Ivachyov,aivachyov7y@zimbio.com,Female,China
288,Francklyn,Keerl,fkeerl7z@mapquest.com,Male,China
289,Emiline,Fermor,efermor80@cbslocal.com,Female,Indonesia
290,Alessandra,Layfield,alayfield81@cloudflare.com,Female,Italy
291,Monica,MacMickan,mmacmickan82@alibaba.com,Female,Russia
292,Terrence,Kemble,tkemble83@mashable.com,Male,Japan
293,Valerye,Haquard,vhaquard84@disqus.com,Female,China
294,Burt,Sparshett,bsparshett85@columbia.edu,Male,Russia
295,Thorndike,Caslane,tcaslane86@soundcloud.com,Male,Indonesia
296,Cirilo,Verling,cverling87@alibaba.com,Male,Chad
297,Neron,Flaunders,nflaunders88@shutterfly.com,Male,Philippines
298,Mallory,Rooze,mrooze89@elegantthemes.com,Female,China
299,Paule,Blindmann,pblindmann8a@wordpress.org,Female,Macedonia
300,Kimmi,Blodget,kblodget8b@oracle.com,Female,Indonesia
301,Fae,Meiklejohn,fmeiklejohn8c@blogger.com,Female,Spain
302,Bard,Dogerty,bdogerty8d@creativecommons.org,Male,Ireland
303,Sauveur,Grinishin,sgrinishin8e@toplist.cz,Male,Mexico
304,Janifer,Frost,jfrost8f@bandcamp.com,Female,Indonesia
305,Gilberto,Blabber,gblabber8g@woothemes.com,Male,China
306,Flossy,Wakefield,fwakefield8h@geocities.jp,Female,Thailand
307,Jillene,McCague,jmccague8i@businesswire.com,Polygender,Nigeria
308,Asher,Readshall,areadshall8j@zimbio.com,Male,Portugal
309,Flss,Wentworth,fwentworth8k@statcounter.com,Female,Guadeloupe
310,Jocko,Hillatt,jhillatt8l@ucoz.com,Genderqueer,China
311,Alecia,Pagitt,apagitt8m@dmoz.org,Female,United States
312,Tybi,Edwardson,tedwardson8n@domainmarket.com,Female,Portugal
313,Sharona,Pelham,spelham8o@hc360.com,Female,Indonesia
314,Sherye,Hackley,shackley8p@cbsnews.com,Female,Indonesia
315,Den,Lawrie,dlawrie8q@opera.com,Male,Indonesia
316,Cammie,Anstie,canstie8r@sun.com,Female,China
317,Leeann,Swane,lswane8s@usa.gov,Genderqueer,Morocco
318,Alfredo,Birdwistle,abirdwistle8t@ezinearticles.com,Male,China
319,Yvonne,Randle,yrandle8u@vkontakte.ru,Female,China
320,Byrom,Fearn,bfearn8v@ustream.tv,Male,Thailand
321,Sullivan,Dell Casa,sdellcasa8w@list-manage.com,Male,Indonesia
322,Kristyn,Trevear,ktrevear8x@narod.ru,Female,China
323,Marjory,Keaveney,mkeaveney8y@ovh.net,Female,Indonesia
324,Krishna,Carlett,kcarlett8z@homestead.com,Male,Guatemala
325,Aldric,Kightly,akightly90@businessinsider.com,Male,China
326,Cathlene,McLoughlin,cmcloughlin91@chronoengine.com,Female,Brazil
327,Sophronia,Danzig,sdanzig92@harvard.edu,Female,China
328,Kasper,Semiraz,ksemiraz93@1688.com,Genderqueer,China
329,Vivyanne,Oleksiak,voleksiak94@ifeng.com,Female,Philippines
330,Aurora,Coulthart,acoulthart95@theguardian.com,Female,Iran
331,Slade,Bosma,sbosma96@shop-pro.jp,Male,China
332,Andrea,Yearnes,ayearnes97@studiopress.com,Female,Philippines
333,Noach,Ditty,nditty98@usatoday.com,Male,China
334,Kelbee,Eland,keland99@newyorker.com,Male,Indonesia
335,Natividad,Dudden,ndudden9a@slashdot.org,Female,Indonesia
336,Carleen,Rees,crees9b@amazonaws.com,Genderqueer,China
337,Sue,Sibbald,ssibbald9c@uol.com.br,Female,Indonesia
338,Alina,Jarvis,ajarvis9d@abc.net.au,Female,Sweden
339,Ashlee,Wyer,awyer9e@nbcnews.com,Female,Myanmar
340,Jeannine,Officer,jofficer9f@ebay.co.uk,Female,China
341,Denny,Botfield,dbotfield9g@nymag.com,Male,Peru
342,Odo,Roden,oroden9h@timesonline.co.uk,Male,China
343,Hollie,Harral,hharral9i@canalblog.com,Female,Sweden
344,Ezra,Pinchbeck,epinchbeck9j@ezinearticles.com,Male,China
345,Barny,Loton,bloton9k@independent.co.uk,Male,China
346,Tobiah,Milesap,tmilesap9l@columbia.edu,Male,Peru
347,Yul,Trasler,ytrasler9m@usa.gov,Genderqueer,Thailand
348,Thibaud,Rubury,trubury9n@w3.org,Male,China
349,Glennie,Seamark,gseamark9o@squarespace.com,Female,Poland
350,Tasia,Piggot,tpiggot9p@booking.com,Agender,Ukraine
351,Ivonne,Beedie,ibeedie9q@oaic.gov.au,Female,Japan
352,Pate,Levitt,plevitt9r@addthis.com,Male,Colombia
353,Harv,Gon,hgon9s@spotify.com,Male,China
354,Liam,Sauvage,lsauvage9t@reuters.com,Male,Germany
355,Andrea,Cownden,acownden9u@imageshack.us,Female,Mexico
356,Kissiah,Oneal,koneal9v@wisc.edu,Female,Sweden
357,Nappie,MacCafferky,nmaccafferky9w@dot.gov,Male,Colombia
358,Shea,Gallaway,sgallaway9x@cbsnews.com,Male,China
359,Halli,Ayars,hayars9y@ehow.com,Female,Republic of the Congo
360,Thaine,Langtry,tlangtry9z@ifeng.com,Male,Macedonia
361,Oriana,Chucks,ochucksa0@moonfruit.com,Female,China
362,Matthias,Siemons,msiemonsa1@icio.us,Male,Sweden
363,Mimi,Roubert,mrouberta2@whitehouse.gov,Female,Indonesia
364,Wolfie,Snawdon,wsnawdona3@psu.edu,Male,Tunisia
365,Noella,Rahlof,nrahlofa4@google.it,Female,China
366,Delmer,Blaase,dblaasea5@mediafire.com,Male,Russia
367,Toddy,Manclark,tmanclarka6@blogger.com,Male,Japan
368,Ambrosi,Tune,atunea7@fc2.com,Male,Indonesia
369,Erskine,Sandry,esandrya8@wired.com,Male,China
370,Clarance,Mosley,cmosleya9@macromedia.com,Male,Jamaica
371,Cordy,Illing,cillingaa@bbc.co.uk,Female,Philippines
372,Diego,Tefft,dtefftab@gravatar.com,Male,China
373,Christoffer,Rubica,crubicaac@blogspot.com,Male,Indonesia
374,Dickie,Lopez,dlopezad@samsung.com,Male,Latvia
375,Kassi,Wortman,kwortmanae@4shared.com,Female,Nigeria
376,Larina,Burgise,lburgiseaf@state.gov,Genderfluid,Japan
377,Sumner,Lynnitt,slynnittag@devhub.com,Polygender,Brazil
378,Windy,Nipper,wnipperah@printfriendly.com,Genderqueer,France
379,Darya,Jacobi,djacobiai@addtoany.com,Female,China
380,Allis,Grealey,agrealeyaj@vinaora.com,Female,Canada
381,Yoshi,Biglin,ybiglinak@pen.io,Female,Philippines
382,Ermengarde,Ponting,epontingal@woothemes.com,Female,China
383,Henrie,Seville,hsevilleam@furl.net,Female,Thailand
384,Vanna,Miklem,vmikleman@xrea.com,Female,Indonesia
385,Ollie,Sholl,oshollao@craigslist.org,Male,Indonesia
386,Carolann,Alsopp,calsoppap@marriott.com,Female,Austria
387,Quint,Caplen,qcaplenaq@ftc.gov,Male,China
388,Malanie,Manwell,mmanwellar@usatoday.com,Female,United States
389,Celeste,Turle,cturleas@go.com,Female,Norway
390,Bern,Skain,bskainat@comcast.net,Male,Nicaragua
391,Temple,Corrao,tcorraoau@unblog.fr,Male,Indonesia
392,Buddy,Jahns,bjahnsav@msn.com,Male,China
393,Elsy,Strong,estrongaw@myspace.com,Female,Albania
394,Yulma,Backhurst,ybackhurstax@wordpress.com,Male,Brazil
395,Wanda,Bowle,wbowleay@kickstarter.com,Non-binary,Brazil
396,Millard,Roggers,mroggersaz@constantcontact.com,Male,China
397,Boothe,Ewert,bewertb0@dropbox.com,Male,Russia
398,Ad,Finney,afinneyb1@dot.gov,Male,Iraq
399,Rosemonde,Leyrroyd,rleyrroydb2@sitemeter.com,Female,Russia
400,Susy,Bende,sbendeb3@oracle.com,Female,Russia
401,Marisa,Lyal,mlyalb4@blog.com,Female,China
402,Dewie,Gussie,dgussieb5@reverbnation.com,Male,Cyprus
403,Wat,Thay,wthayb6@shareasale.com,Male,Vietnam
404,Yettie,Winship,ywinshipb7@wunderground.com,Female,Portugal
405,Charo,Ronca,croncab8@skype.com,Female,China
406,Toinette,Scholler,tschollerb9@pbs.org,Female,Georgia
407,Emmi,Band,ebandba@psu.edu,Bigender,Ukraine
408,Decca,Witten,dwittenbb@youtu.be,Male,Indonesia
409,Nona,Belverstone,nbelverstonebc@upenn.edu,Bigender,China
410,Clemence,Twigger,ctwiggerbd@unesco.org,Genderfluid,Democratic Republic of the Congo
411,Isidora,Dagworthy,idagworthybe@arizona.edu,Female,Vietnam
412,Cherry,O'Beirne,cobeirnebf@marketwatch.com,Female,Rwanda
413,Lorettalorna,Bewicke,lbewickebg@wunderground.com,Female,Croatia
414,Brodie,Benneton,bbennetonbh@hud.gov,Male,Palestinian Territory
415,Trent,Aloshkin,taloshkinbi@liveinternet.ru,Male,Belarus
416,Martguerita,Middlemiss,mmiddlemissbj@sina.com.cn,Female,China
417,Enrica,Boss,ebossbk@opensource.org,Non-binary,France
418,Gilly,Donner,gdonnerbl@yelp.com,Female,Philippines
419,Rudolfo,Lumb,rlumbbm@list-manage.com,Genderqueer,Philippines
420,Devondra,Chinn,dchinnbn@globo.com,Bigender,China
421,Osbourne,Pietrzak,opietrzakbo@edublogs.org,Male,Brazil
422,Joletta,Pierce,jpiercebp@ebay.co.uk,Female,Bosnia and Herzegovina
423,Natal,McCreagh,nmccreaghbq@fastcompany.com,Male,Laos
424,Caritta,Cornehl,ccornehlbr@economist.com,Female,China
425,Clare,Larrosa,clarrosabs@time.com,Male,Nigeria
426,Timotheus,Escolme,tescolmebt@goodreads.com,Male,Poland
427,Anita,Bridgeland,abridgelandbu@usgs.gov,Female,United States
428,Arny,Gipp,agippbv@unicef.org,Male,Sweden
429,Bettye,Hariot,bhariotbw@dyndns.org,Female,Brazil
430,Jerome,Boden,jbodenbx@princeton.edu,Male,Philippines
431,Clio,Knipe,cknipeby@linkedin.com,Female,United States
432,Beltran,Dunster,bdunsterbz@dedecms.com,Male,Indonesia
433,Georgiana,Filippello,gfilippelloc0@cbc.ca,Female,Brazil
434,Jelene,Treweke,jtrewekec1@behance.net,Female,Indonesia
435,Andy,Canet,acanetc2@nytimes.com,Male,Indonesia
436,Jasmin,Robey,jrobeyc3@mapquest.com,Female,Denmark
437,Concettina,Bentham,cbenthamc4@usatoday.com,Female,Egypt
438,Dominica,de Villier,ddevillierc5@google.com,Female,Indonesia
439,Alice,Neachell,aneachellc6@tinyurl.com,Female,France
440,Leora,Stanlock,lstanlockc7@slideshare.net,Female,Russia
441,Decca,Geere,dgeerec8@tuttocitta.it,Male,Brazil
442,Daphene,Lathleiff,dlathleiffc9@hostgator.com,Female,Greece
443,Hercule,Goneau,hgoneauca@goodreads.com,Male,Czech Republic
444,Goober,Di Dello,gdidellocb@salon.com,Male,Croatia
445,Francesco,Beernaert,fbeernaertcc@pagesperso-orange.fr,Male,Brazil
446,Alicea,Doe,adoecd@cdbaby.com,Polygender,Philippines
447,Niles,Potbury,npotburyce@xinhuanet.com,Male,Tanzania
448,Nichol,Dangerfield,ndangerfieldcf@themeforest.net,Female,Indonesia
449,Keven,Huxham,khuxhamcg@is.gd,Male,Iran
450,Hort,Philcox,hphilcoxch@ovh.net,Male,Gabon
451,Zebadiah,Kybert,zkybertci@google.com.br,Male,China
452,Sonni,Reis,sreiscj@wikia.com,Female,Czech Republic
453,Jan,Worge,jworgeck@uol.com.br,Female,Indonesia
454,Mikaela,Youings,myouingscl@stumbleupon.com,Female,Poland
455,Abey,Skellorne,askellornecm@utexas.edu,Male,Netherlands
456,Tristam,Ladbury,tladburycn@cyberchimps.com,Male,Japan
457,Sydney,Lodin,slodinco@umich.edu,Male,Philippines
458,Tye,Rattrie,trattriecp@utexas.edu,Male,China
459,Electra,Lunam,elunamcq@nbcnews.com,Female,Indonesia
460,Hiram,Buffy,hbuffycr@techcrunch.com,Male,China
461,Calley,Stanett,cstanettcs@google.com,Female,Poland
462,Sully,Rosenblatt,srosenblattct@tinyurl.com,Male,Bosnia and Herzegovina
463,Laurie,Birchill,lbirchillcu@netscape.com,Female,Brazil
464,Phil,Dyble,pdyblecv@newyorker.com,Male,Christmas Island
465,Duky,Aggas,daggascw@arizona.edu,Male,France
466,Clarinda,Blezard,cblezardcx@newsvine.com,Female,China
467,Celinda,Klishin,cklishincy@amazon.co.jp,Female,Philippines
468,Hermie,Guillou,hguilloucz@soundcloud.com,Male,China
469,Deidre,Shortland,dshortlandd0@acquirethisname.com,Female,Gambia
470,Misha,Demangeot,mdemangeotd1@cdc.gov,Female,China
471,Tobiah,Hayer,thayerd2@google.it,Male,Poland
472,Niles,Jelphs,njelphsd3@auda.org.au,Male,China
473,Annemarie,Gregoraci,agregoracid4@fema.gov,Female,Colombia
474,Janenna,Franz-Schoninger,jfranzschoningerd5@eventbrite.com,Female,France
475,Maxi,Cowpertwait,mcowpertwaitd6@adobe.com,Genderfluid,France
476,Kerry,Loftie,kloftied7@mayoclinic.com,Male,Indonesia
477,Adelice,Cossell,acosselld8@blogger.com,Female,Russia
478,Peta,Honeyghan,phoneyghand9@cisco.com,Female,Portugal
479,Kathye,Batrip,kbatripda@hostgator.com,Female,Ukraine
480,Amanda,Marchington,amarchingtondb@mtv.com,Female,Portugal
481,Nero,Benazet,nbenazetdc@ox.ac.uk,Male,Brazil
482,Rivalee,Quakley,rquakleydd@nifty.com,Female,China
483,Orella,MacClenan,omacclenande@wordpress.com,Female,Bolivia
484,Leoine,Danniell,ldannielldf@infoseek.co.jp,Female,Colombia
485,Mathilde,Vondra,mvondradg@army.mil,Female,Egypt
486,Natala,Tilson,ntilsondh@discuz.net,Female,Portugal
487,Penrod,Phant,pphantdi@prweb.com,Male,Philippines
488,Brigid,Copping,bcoppingdj@umich.edu,Female,Indonesia
489,Nathanial,Hearson,nhearsondk@answers.com,Male,Afghanistan
490,Fielding,Fasson,ffassondl@businessweek.com,Male,Zambia
491,Guido,Bemwell,gbemwelldm@ucoz.ru,Genderfluid,Ecuador
492,Marcy,Whymark,mwhymarkdn@hubpages.com,Female,Philippines
493,Bryn,Eschalotte,beschalottedo@wordpress.org,Female,China
494,Anatollo,Tiron,atirondp@mail.ru,Male,Dominican Republic
495,Ramsay,Dearden,rdeardendq@wordpress.org,Male,Russia
496,Nola,Hungerford,nhungerforddr@va.gov,Female,China
497,Aluin,Darrigrand,adarrigrandds@ask.com,Male,Russia
498,Jeth,Leydon,jleydondt@a8.net,Male,Ecuador
499,Adriano,Butland,abutlanddu@smugmug.com,Male,Canada
500,Stevie,Malitrott,smalitrottdv@paypal.com,Male,Colombia
501,Allyn,Hoggan,ahoggandw@webmd.com,Male,Russia
502,Allys,Tait,ataitdx@uiuc.edu,Female,China
503,Quinta,Winchcum,qwinchcumdy@hexun.com,Female,China
504,Kimbra,Rhymes,krhymesdz@simplemachines.org,Female,China
505,Thibaud,Grosvenor,tgrosvenore0@jigsy.com,Male,China
506,West,Peek,wpeeke1@sourceforge.net,Male,Russia
507,Nanice,Kivelle,nkivellee2@go.com,Non-binary,Portugal
508,Pembroke,Wasmer,pwasmere3@businessinsider.com,Genderqueer,Indonesia
509,Stillmann,Thorpe,sthorpee4@cafepress.com,Male,Afghanistan
510,Julio,Colleton,jcolletone5@paypal.com,Male,Colombia
511,Ludwig,Jakubowski,ljakubowskie6@ustream.tv,Male,China
512,Dasya,Cornner,dcornnere7@jiathis.com,Female,Japan
513,Cyrillus,Donisi,cdonisie8@meetup.com,Male,Kazakhstan
514,Byron,Isley,bisleye9@va.gov,Male,Philippines
515,Vivianne,Casotti,vcasottiea@360.cn,Female,Portugal
516,Myer,Dreger,mdregereb@si.edu,Male,Russia
517,Aloysius,Castan,acastanec@usda.gov,Male,Indonesia
518,Cosetta,McGee,cmcgeeed@google.cn,Female,Japan
519,Les,Rockwill,lrockwillee@reference.com,Male,Philippines
520,Ogdon,Skeats,oskeatsef@soundcloud.com,Male,Indonesia
521,Cleon,Cheers,ccheerseg@skyrock.com,Male,Indonesia
522,Mandi,Edgar,medgareh@slideshare.net,Non-binary,Ukraine
523,Wolfy,Kochl,wkochlei@google.com.hk,Male,China
524,Vanya,Cornelleau,vcornelleauej@surveymonkey.com,Genderfluid,France
525,Hasheem,Gerrens,hgerrensek@google.ru,Polygender,Bangladesh
526,Lorraine,Poulgreen,lpoulgreenel@techcrunch.com,Female,China
527,Rip,Hemphill,rhemphillem@clickbank.net,Male,China
528,Tessy,Nare,tnareen@123-reg.co.uk,Genderqueer,Indonesia
529,Avery,Deem,adeemeo@so-net.ne.jp,Male,Russia
530,Natividad,Dudgeon,ndudgeonep@desdev.cn,Female,Russia
531,Brook,Antliff,bantliffeq@mlb.com,Male,Russia
532,Jesse,Van Cassel,jvancasseler@yandex.ru,Female,South Korea
533,Antonin,Mangon,amangones@irs.gov,Male,Indonesia
534,Matthew,Shaudfurth,mshaudfurthet@usatoday.com,Male,Greece
535,Christie,Dielhenn,cdielhenneu@addtoany.com,Genderqueer,Japan
536,Rodrigo,Rolse,rrolseev@omniture.com,Male,France
537,Dori,Ert,dertew@comsenz.com,Genderqueer,Philippines
538,Alta,Adamo,aadamoex@drupal.org,Female,Russia
539,Tann,Siddeley,tsiddeleyey@ehow.com,Male,Iran
540,Shir,Gason,sgasonez@census.gov,Female,Bolivia
541,Vaughn,Swires,vswiresf0@europa.eu,Male,China
542,Orland,Dewhirst,odewhirstf1@weebly.com,Male,Indonesia
543,Ruperta,Ballin,rballinf2@php.net,Female,China
544,Bryna,Bowring,bbowringf3@gnu.org,Female,China
545,Donelle,Albrecht,dalbrechtf4@dedecms.com,Genderqueer,Indonesia
546,Donn,Cotesford,dcotesfordf5@about.me,Bigender,Uruguay
547,Arney,Boult,aboultf6@purevolume.com,Male,United States
548,Fanny,Whitehorn,fwhitehornf7@barnesandnoble.com,Female,United Kingdom
549,Drud,Bottrell,dbottrellf8@photobucket.com,Male,Indonesia
550,Lolly,Mathevon,lmathevonf9@desdev.cn,Female,Czech Republic
551,Carlin,Szwandt,cszwandtfa@wufoo.com,Female,China
552,Keith,Attiwill,kattiwillfb@npr.org,Male,Czech Republic
553,Gustave,Ginnelly,gginnellyfc@liveinternet.ru,Bigender,Sierra Leone
554,Cly,Hart,chartfd@altervista.org,Male,China
555,Carlos,Mylechreest,cmylechreestfe@mozilla.com,Male,China
556,Olvan,Whatsize,owhatsizeff@hp.com,Male,Mexico
557,Rex,Habin,rhabinfg@senate.gov,Genderfluid,Japan
558,Willem,Mapis,wmapisfh@storify.com,Male,Yemen
559,Cordi,Hulse,chulsefi@whitehouse.gov,Female,Australia
560,Cyndie,Rouch,crouchfj@wordpress.com,Female,China
561,Jenelle,Hugnot,jhugnotfk@blinklist.com,Female,Indonesia
562,Annamarie,Wolstenholme,awolstenholmefl@addtoany.com,Female,Namibia
563,Randolph,Smooth,rsmoothfm@omniture.com,Male,Indonesia
564,Velma,O'Corrin,vocorrinfn@oaic.gov.au,Female,Indonesia
565,Shanda,Pic,spicfo@prweb.com,Female,Bahamas
566,Judith,Derges,jdergesfp@odnoklassniki.ru,Non-binary,China
567,Keir,McCudden,kmccuddenfq@so-net.ne.jp,Male,Philippines
568,Lisa,Tytler,ltytlerfr@nsw.gov.au,Female,Belarus
569,Marga,Cheson,mchesonfs@squidoo.com,Female,Yemen
570,Aymer,Pierpoint,apierpointft@ifeng.com,Male,China
571,Benjamin,Depper,bdepperfu@princeton.edu,Male,Ukraine
572,Shandeigh,Witheford,swithefordfv@360.cn,Female,China
573,Sadie,Tie,stiefw@marketwatch.com,Female,Kazakhstan
574,Adelice,Angrock,aangrockfx@pagesperso-orange.fr,Female,China
575,Jarrett,Mouth,jmouthfy@harvard.edu,Male,Philippines
576,Christopher,Decourcy,cdecourcyfz@bbc.co.uk,Male,Nigeria
577,Leanor,Gylle,lgylleg0@slashdot.org,Female,China
578,Cristin,Vines,cvinesg1@hexun.com,Female,Bulgaria
579,Pattie,Nozzolii,pnozzoliig2@amazon.com,Genderqueer,Sweden
580,Karlie,Delong,kdelongg3@netlog.com,Female,Russia
581,Maud,Bangs,mbangsg4@census.gov,Female,Indonesia
582,Peder,Cordrey,pcordreyg5@over-blog.com,Male,China
583,Ashli,Cheine,acheineg6@marriott.com,Female,Mongolia
584,Ganny,Jirzik,gjirzikg7@wp.com,Male,China
585,Trevor,Philippeaux,tphilippeauxg8@trellian.com,Male,Colombia
586,Alvina,Elcombe,aelcombeg9@cisco.com,Female,Thailand
587,Gasparo,Baxster,gbaxsterga@europa.eu,Male,South Africa
588,Gladys,Leathe,gleathegb@tripadvisor.com,Female,China
589,Milli,Scutchings,mscutchingsgc@woothemes.com,Agender,Russia
590,Cristionna,Pinkerton,cpinkertongd@weather.com,Female,China
591,Ernesto,Snowman,esnowmange@digg.com,Male,Kazakhstan
592,Eada,Ewell,eewellgf@reuters.com,Female,China
593,Rafaello,Balog,rbaloggg@typepad.com,Male,Czech Republic
594,Corrine,Charnock,ccharnockgh@mozilla.org,Genderfluid,Albania
595,Munmro,Yaakov,myaakovgi@seesaa.net,Male,United States
596,Juan,Mulloch,jmullochgj@google.it,Polygender,China
597,Amalle,Conichie,aconichiegk@blogtalkradio.com,Female,Peru
598,Jarrett,Piercy,jpiercygl@arizona.edu,Male,Sweden
599,Costa,Vannikov,cvannikovgm@tamu.edu,Male,Indonesia
600,Grenville,Corter,gcortergn@desdev.cn,Genderqueer,Sweden
601,Aurelea,Jessel,ajesselgo@deviantart.com,Female,Burundi
602,Eduino,Tyndall,etyndallgp@barnesandnoble.com,Male,China
603,Maureen,Yegorov,myegorovgq@arizona.edu,Female,Argentina
604,Torey,Sisselot,tsisselotgr@fastcompany.com,Female,France
605,Kingsley,Bown,kbowngs@sohu.com,Male,Venezuela
606,Tessi,Lapworth,tlapworthgt@technorati.com,Female,China
607,Emanuel,Parkin,eparkingu@noaa.gov,Male,China
608,Faythe,Goodger,fgoodgergv@arstechnica.com,Non-binary,Indonesia
609,Will,Mersey,wmerseygw@miitbeian.gov.cn,Male,Ukraine
610,Stanley,Jurs,sjursgx@scribd.com,Male,Japan
611,Coralie,Rothera,crotheragy@xinhuanet.com,Female,Norway
612,Valma,Gillimgham,vgillimghamgz@desdev.cn,Female,Indonesia
613,Cecilia,Yakubovics,cyakubovicsh0@narod.ru,Female,Wallis and Futuna
614,Jillana,Jesper,jjesperh1@amazon.de,Female,Thailand
615,Edee,Richings,erichingsh2@desdev.cn,Female,Indonesia
616,Karlis,Tinkler,ktinklerh3@bigcartel.com,Male,Sweden
617,Adah,Bayless,abaylessh4@youtu.be,Female,China
618,Tadeas,Gillcrist,tgillcristh5@columbia.edu,Genderqueer,China
619,Alistair,Cunnah,acunnahh6@cmu.edu,Male,Lithuania
620,Tybi,Junkison,tjunkisonh7@tripadvisor.com,Female,South Sudan
621,Yovonnda,Munt,ymunth8@livejournal.com,Female,Indonesia
622,Rudd,Goodley,rgoodleyh9@ucoz.com,Male,Poland
623,Bernie,Edgerley,bedgerleyha@gizmodo.com,Female,France
624,Steward,Rodger,srodgerhb@creativecommons.org,Male,China
625,Vincenty,Kendell,vkendellhc@chron.com,Male,South Africa
626,Xenia,Easterfield,xeasterfieldhd@yelp.com,Bigender,Argentina
627,Kariotta,De Antoni,kdeantonihe@amazon.co.jp,Female,Netherlands
628,Morse,Jiras,mjirashf@ovh.net,Male,China
629,Aaron,Ketchell,aketchellhg@themeforest.net,Male,Ukraine
630,Ilyssa,Huntress,ihuntresshh@nifty.com,Polygender,Sweden
631,Lockwood,Houchin,lhouchinhi@mtv.com,Male,China
632,Catharine,Shiel,cshielhj@rambler.ru,Female,China
633,Ray,How to preserve,rhowtopreservehk@go.com,Male,Portugal
634,Isobel,Shambroke,ishambrokehl@answers.com,Genderfluid,China
635,Kass,Stedall,kstedallhm@privacy.gov.au,Female,Ghana
636,Zelig,Honniebal,zhonniebalhn@bbc.co.uk,Male,Ukraine
637,Frank,Ridgeway,fridgewayho@angelfire.com,Male,Indonesia
638,Janka,Rodrigo,jrodrigohp@nytimes.com,Female,China
639,Zorine,Moniker,zmonikerhq@miitbeian.gov.cn,Female,Luxembourg
640,Phyllis,Ausiello,pausiellohr@harvard.edu,Female,Saudi Arabia
641,Sue,Ramplee,srampleehs@state.gov,Female,China
642,Elissa,Tyrie,etyrieht@dion.ne.jp,Female,Poland
643,Bertram,Wonham,bwonhamhu@bigcartel.com,Male,Sweden
644,Devonne,Newport,dnewporthv@dmoz.org,Female,Kenya
645,Edik,Pacher,epacherhw@bloglines.com,Male,Philippines
646,Rochester,Fleetwood,rfleetwoodhx@vimeo.com,Male,China
647,Itch,Doggett,idoggetthy@ebay.com,Male,China
648,Cchaddie,Campanelle,ccampanellehz@pinterest.com,Male,Suriname
649,Eadith,Farfull,efarfulli0@gmpg.org,Female,Greece
650,Georgie,Legion,glegioni1@blogs.com,Male,Peru
651,Edmund,Pinnick,epinnicki2@dion.ne.jp,Male,Czech Republic
652,Marcellus,Toop,mtoopi3@stumbleupon.com,Male,China
653,Erwin,Dunstan,edunstani4@shareasale.com,Male,Indonesia
654,Martelle,Meneely,mmeneelyi5@phpbb.com,Female,China
655,Ana,Featherbie,afeatherbiei6@alexa.com,Female,China
656,Sophey,Gooms,sgoomsi7@admin.ch,Female,Indonesia
657,Lea,Nurcombe,lnurcombei8@princeton.edu,Female,Indonesia
658,Leupold,Camplen,lcampleni9@tinypic.com,Male,Indonesia
659,Audy,Ickovic,aickovicia@flavors.me,Female,Colombia
660,Verge,Traves,vtravesib@netscape.com,Male,Indonesia
661,Hilde,Gallard,hgallardic@yelp.com,Female,Bangladesh
662,Debbi,Gittoes,dgittoesid@nhs.uk,Agender,Russia
663,Ronnie,Dran,rdranie@dailymail.co.uk,Female,Indonesia
664,Charleen,Claque,cclaqueif@nasa.gov,Female,Indonesia
665,Miran,Kubczak,mkubczakig@irs.gov,Female,Colombia
666,Chickie,Ledrun,cledrunih@admin.ch,Female,Indonesia
667,Fedora,Comelini,fcomeliniii@vk.com,Female,Bulgaria
668,Yolanda,Siemianowicz,ysiemianowiczij@1688.com,Female,Syria
669,Christoforo,Baddow,cbaddowik@com.com,Male,Armenia
670,Marc,Del Monte,mdelmonteil@forbes.com,Male,Brazil
671,Clement,Pickup,cpickupim@pagesperso-orange.fr,Male,Thailand
672,Allene,Wolver,awolverin@unicef.org,Female,Colombia
673,Margot,Denford,mdenfordio@uol.com.br,Female,China
674,Rayshell,Cabera,rcaberaip@newsvine.com,Female,China
675,Brod,Harrower,bharroweriq@google.es,Male,China
676,Dalston,Accum,daccumir@timesonline.co.uk,Male,Philippines
677,Delphine,McTavish,dmctavishis@cbc.ca,Female,Indonesia
678,Jory,Barkway,jbarkwayit@hud.gov,Male,Indonesia
679,Bernette,O'Doohaine,bodoohaineiu@ucoz.com,Female,Poland
680,Olympie,Matitiaho,omatitiahoiv@w3.org,Female,Tanzania
681,Sonni,Bea,sbeaiw@bizjournals.com,Female,Thailand
682,Brandy,Lappine,blappineix@tinypic.com,Male,China
683,Florinda,Kuhnwald,fkuhnwaldiy@techcrunch.com,Female,China
684,Ferdinand,Ewenson,fewensoniz@seattletimes.com,Male,Slovenia
685,Cleon,Nelthorp,cnelthorpj0@ovh.net,Male,China
686,Maryrose,Getsham,mgetshamj1@hhs.gov,Female,Poland
687,Kaleb,Sharer,ksharerj2@ucoz.ru,Male,Albania
688,Loydie,Gulland,lgullandj3@eventbrite.com,Genderfluid,Mexico
689,Lionel,Batteson,lbattesonj4@pen.io,Male,China
690,Craig,Galway,cgalwayj5@webeden.co.uk,Agender,Ukraine
691,Traver,Reedick,treedickj6@marriott.com,Male,Guatemala
692,Kirk,Rendall,krendallj7@live.com,Genderfluid,China
693,Kettie,Dukelow,kdukelowj8@ed.gov,Female,Philippines
694,Thorvald,Phateplace,tphateplacej9@dailymail.co.uk,Male,Peru
695,Kristopher,Openshaw,kopenshawja@samsung.com,Male,Indonesia
696,Chere,Biggin,cbigginjb@archive.org,Agender,China
697,Iormina,Niaves,iniavesjc@loc.gov,Female,Indonesia
698,Kelly,McLucas,kmclucasjd@msu.edu,Male,Portugal
699,Ignacius,Trebbett,itrebbettje@i2i.jp,Male,Ukraine
700,Demeter,Mattis,dmattisjf@netscape.com,Female,Argentina
701,Kev,Eakins,keakinsjg@shop-pro.jp,Male,Argentina
702,Isidoro,Cobbe,icobbejh@free.fr,Male,Russia
703,Hill,Gitthouse,hgitthouseji@altervista.org,Male,China
704,Germayne,Richfield,grichfieldjj@cmu.edu,Male,China
705,Ethel,Banyard,ebanyardjk@addtoany.com,Female,Indonesia
706,Gregorio,Bangley,gbangleyjl@ameblo.jp,Male,Kazakhstan
707,Jasmine,Daintrey,jdaintreyjm@wikimedia.org,Female,Sweden
708,Megan,Shakelade,mshakeladejn@nsw.gov.au,Female,Mauritius
709,Allie,Luckman,aluckmanjo@wiley.com,Female,France
710,Ugo,Goulden,ugouldenjp@moonfruit.com,Male,China
711,Bay,Ties,btiesjq@yellowpages.com,Polygender,Ukraine
712,Imogene,Challenor,ichallenorjr@google.nl,Female,United States
713,Kristen,Storcke,kstorckejs@stanford.edu,Female,Peru
714,Ashby,Tropman,atropmanjt@artisteer.com,Male,China
715,Nicolais,Daingerfield,ndaingerfieldju@paginegialle.it,Male,China
716,Annemarie,Brummitt,abrummittjv@furl.net,Female,Thailand
717,Dagny,Bridden,dbriddenjw@homestead.com,Bigender,Russia
718,Silvio,Balsom,sbalsomjx@alibaba.com,Male,Philippines
719,Jakie,Bierman,jbiermanjy@wikimedia.org,Male,China
720,Manon,Alfwy,malfwyjz@friendfeed.com,Female,Indonesia
721,Briano,Possek,bpossekk0@apple.com,Male,China
722,Padgett,Godson,pgodsonk1@homestead.com,Male,France
723,Brier,Haughton,bhaughtonk2@tamu.edu,Genderfluid,Argentina
724,Aubree,McDugal,amcdugalk3@simplemachines.org,Female,China
725,Krissy,Bonham,kbonhamk4@tmall.com,Female,Czech Republic
726,Garnet,Margram,gmargramk5@wikipedia.org,Female,France
727,Klaus,Saltmarshe,ksaltmarshek6@craigslist.org,Male,Mexico
728,Derril,Marritt,dmarrittk7@twitpic.com,Male,Bosnia and Herzegovina
729,Elyse,Hext,ehextk8@marketwatch.com,Non-binary,Indonesia
730,Lewes,Prestwich,lprestwichk9@technorati.com,Male,Indonesia
731,Paquito,Cornforth,pcornforthka@php.net,Male,Norway
732,Mitchael,Diggar,mdiggarkb@cmu.edu,Male,Brazil
733,Arri,Upham,auphamkc@java.com,Male,South Africa
734,Hetty,Deery,hdeerykd@nps.gov,Female,Philippines
735,Victoria,Starrs,vstarrske@va.gov,Female,Portugal
736,Herb,Escofier,hescofierkf@dropbox.com,Male,France
737,Vasily,McAughtry,vmcaughtrykg@illinois.edu,Male,Indonesia
738,Ermanno,Hazelgrove,ehazelgrovekh@parallels.com,Male,China
739,Sibeal,Dillamore,sdillamoreki@jimdo.com,Female,China
740,Aldo,Blease,ableasekj@salon.com,Male,Mexico
741,Kristina,Colnett,kcolnettkk@youku.com,Female,France
742,Dina,Faithorn,dfaithornkl@tamu.edu,Female,Philippines
743,Rasia,Payley,rpayleykm@cornell.edu,Female,Japan
744,Gayler,Baudin,gbaudinkn@usnews.com,Male,China
745,Gratia,Mowsley,gmowsleyko@intel.com,Female,Peru
746,Ahmed,Domanek,adomanekkp@dmoz.org,Male,Czech Republic
747,Jacquelin,Mosdall,jmosdallkq@time.com,Female,Brazil
748,Jodi,Durie,jduriekr@cdbaby.com,Female,Mauritius
749,Aggi,Statham,astathamks@google.ru,Female,Canada
750,Bill,Bittany,bbittanykt@bloglines.com,Male,Thailand
751,Amie,Thoresbie,athoresbieku@dagondesign.com,Female,China
752,Lilly,Hierro,lhierrokv@narod.ru,Female,Mexico
753,Aristotle,Linde,alindekw@msn.com,Male,Nigeria
754,Ramon,Fossett,rfossettkx@psu.edu,Male,United States
755,Aldis,Hentze,ahentzeky@cbsnews.com,Male,Bolivia
756,Charlton,Munden,cmundenkz@bravesites.com,Male,Sri Lanka
757,Bernarr,Symonds,bsymondsl0@eepurl.com,Bigender,Sierra Leone
758,Adora,Rulten,arultenl1@multiply.com,Female,Indonesia
759,Florian,Darmody,fdarmodyl2@buzzfeed.com,Male,Indonesia
760,Lynnette,Ruddy,lruddyl3@tripadvisor.com,Female,Indonesia
761,Lanette,Leathwood,lleathwoodl4@networksolutions.com,Female,Czech Republic
762,Melinde,Vize,mvizel5@blogs.com,Female,Philippines
763,Reynard,Kinchlea,rkinchleal6@hugedomains.com,Male,Honduras
764,Tuesday,Rourke,trourkel7@google.pl,Female,Indonesia
765,Louisa,McGing,lmcgingl8@spiegel.de,Female,Russia
766,Lynda,Po,lpol9@hc360.com,Female,Philippines
767,Guglielmo,Grundey,ggrundeyla@biblegateway.com,Male,United States
768,Gaylene,Oehm,goehmlb@shareasale.com,Female,China
769,Kenneth,Treeby,ktreebylc@princeton.edu,Male,Botswana
770,Wyatt,Langrick,wlangrickld@japanpost.jp,Male,Indonesia
771,Marnie,Ough,moughle@webs.com,Female,Czech Republic
772,Libby,Powell,lpowelllf@wordpress.org,Female,Slovenia
773,Matilda,Harkess,mharkesslg@ed.gov,Female,Guinea-Bissau
774,Sophie,Beed,sbeedlh@pen.io,Female,Ukraine
775,Robinia,Piller,rpillerli@epa.gov,Female,Kenya
776,Orazio,Burgane,oburganelj@ow.ly,Male,Italy
777,Glyn,Spiaggia,gspiaggialk@people.com.cn,Female,Philippines
778,Florence,Spens,fspensll@microsoft.com,Female,Japan
779,Lois,Ogelsby,logelsbylm@technorati.com,Female,China
780,Cori,Peachment,cpeachmentln@creativecommons.org,Male,Albania
781,Jaye,Beagles,jbeagleslo@tuttocitta.it,Male,United States
782,Malanie,Dorton,mdortonlp@fastcompany.com,Female,Hungary
783,Edwin,Croome,ecroomelq@jugem.jp,Male,Mexico
784,Felipa,Glisenan,fglisenanlr@hostgator.com,Female,Philippines
785,Arthur,Valintine,avalintinels@columbia.edu,Male,Ukraine
786,Babette,Bromige,bbromigelt@bluehost.com,Female,Morocco
787,Dirk,Roarty,droartylu@dailymotion.com,Male,France
788,Worthington,Kettlestringes,wkettlestringeslv@sbwire.com,Male,Portugal
789,Teddy,Amner,tamnerlw@theatlantic.com,Female,Brazil
790,Hieronymus,Loadman,hloadmanlx@taobao.com,Male,Syria
791,Meade,O'Henery,moheneryly@arizona.edu,Female,Brazil
792,Susann,Troke,strokelz@newsvine.com,Female,Poland
793,Roselin,Schukert,rschukertm0@rakuten.co.jp,Female,Czech Republic
794,Mireielle,Blinman,mblinmanm1@vistaprint.com,Female,Honduras
795,Kala,Pawellek,kpawellekm2@themeforest.net,Female,China
796,Vivi,Mabbott,vmabbottm3@japanpost.jp,Female,France
797,Corry,Lynch,clynchm4@nhs.uk,Female,Russia
798,Glynda,Morkham,gmorkhamm5@mapquest.com,Female,Poland
799,Kellen,Jacqueminot,kjacqueminotm6@digg.com,Female,Indonesia
800,Melitta,Forsdike,mforsdikem7@google.pl,Female,China
801,Lurline,Whiteley,lwhiteleym8@webs.com,Female,Croatia
802,Jocelyne,Blackmore,jblackmorem9@hao123.com,Female,Philippines
803,Aline,Petranek,apetranekma@twitter.com,Genderfluid,Peru
804,Misha,Kinglesyd,mkinglesydmb@utexas.edu,Female,Colombia
805,Tina,Huburn,thuburnmc@themeforest.net,Female,Panama
806,Algernon,Biggam,abiggammd@simplemachines.org,Bigender,Venezuela
807,Allina,Doveston,adovestonme@studiopress.com,Female,Russia
808,Marje,Schwant,mschwantmf@census.gov,Female,Indonesia
809,Seka,Matthai,smatthaimg@google.ca,Female,Indonesia
810,Isadora,Maysor,imaysormh@businessweek.com,Female,Nigeria
811,Sheelagh,Nund,snundmi@slate.com,Female,Kuwait
812,Rosmunda,Drogan,rdroganmj@huffingtonpost.com,Female,Greece
813,Wilt,Van Haeften,wvanhaeftenmk@creativecommons.org,Male,Cuba
814,Ermin,Mateescu,emateescuml@canalblog.com,Male,Bulgaria
815,Tate,Cooling,tcoolingmm@over-blog.com,Genderqueer,Mexico
816,Dyna,Mosedall,dmosedallmn@mozilla.org,Female,Japan
817,Zebadiah,Girdlestone,zgirdlestonemo@myspace.com,Non-binary,Russia
818,Jareb,Stendell,jstendellmp@marriott.com,Male,Philippines
819,Olvan,Iorio,oioriomq@google.com,Male,Peru
820,Zsa zsa,Langhorn,zlanghornmr@uol.com.br,Female,Malaysia
821,Hannis,Kulver,hkulverms@shinystat.com,Non-binary,Poland
822,Pier,Eyrl,peyrlmt@hexun.com,Female,Philippines
823,Aldis,Sweetmore,asweetmoremu@naver.com,Male,China
824,Thacher,Capeloff,tcapeloffmv@goo.ne.jp,Male,Peru
825,Coraline,Sprason,csprasonmw@pen.io,Non-binary,Indonesia
826,Miles,Allston,mallstonmx@squidoo.com,Male,Philippines
827,Cordelia,Kopman,ckopmanmy@cisco.com,Female,China
828,Jeffie,Gini,jginimz@unblog.fr,Agender,Russia
829,Trey,Tokell,ttokelln0@shop-pro.jp,Male,Mongolia
830,Jayme,Dunkerley,jdunkerleyn1@reverbnation.com,Female,Russia
831,Audre,Laingmaid,alaingmaidn2@gmpg.org,Female,China
832,Renelle,Vanstone,rvanstonen3@businesswire.com,Female,France
833,Sheffie,Scay,sscayn4@cafepress.com,Male,China
834,Ezekiel,Morris,emorrisn5@tinyurl.com,Male,Iran
835,Timothee,Osichev,tosichevn6@imgur.com,Male,Poland
836,Madelena,Tousey,mtouseyn7@wikipedia.org,Genderfluid,Sweden
837,Hebert,Jobson,hjobsonn8@youtu.be,Male,Luxembourg
838,Christa,Withams,cwithamsn9@deviantart.com,Female,China
839,Guntar,Kocher,gkocherna@4shared.com,Male,Vietnam
840,Richie,Paeckmeyer,rpaeckmeyernb@t.co,Male,Sweden
841,Hattie,Colls,hcollsnc@engadget.com,Female,China
842,Karoline,Margiotta,kmargiottand@craigslist.org,Genderqueer,Russia
843,Horton,Sergant,hsergantne@squarespace.com,Male,Philippines
844,Langston,Pearde,lpeardenf@smugmug.com,Male,China
845,Yorke,Amsden,yamsdenng@hc360.com,Male,Costa Rica
846,Kingston,Edwicke,kedwickenh@sakura.ne.jp,Male,Russia
847,Suzanna,Lawly,slawlyni@bloglovin.com,Female,Philippines
848,Frederik,Guitonneau,fguitonneaunj@printfriendly.com,Male,China
849,Debee,De Bischof,ddebischofnk@yellowpages.com,Female,Russia
850,Efren,Bear,ebearnl@whitehouse.gov,Non-binary,Tajikistan
851,Moyna,Angrave,mangravenm@goo.ne.jp,Female,Ukraine
852,Sallyann,Billion,sbillionnn@123-reg.co.uk,Female,China
853,Hogan,Browncey,hbrownceyno@artisteer.com,Male,Czech Republic
854,Esra,Mitchel,emitchelnp@dropbox.com,Genderqueer,Tunisia
855,Selene,Rupprecht,srupprechtnq@nbcnews.com,Female,China
856,Ulrika,Fleet,ufleetnr@sakura.ne.jp,Female,Albania
857,Joscelin,Graysmark,jgraysmarkns@cdc.gov,Female,China
858,Maible,Wadsworth,mwadsworthnt@reverbnation.com,Female,Pakistan
859,Inesita,Walker,iwalkernu@reference.com,Polygender,Vietnam
860,Garland,McGeachey,gmcgeacheynv@nsw.gov.au,Female,Philippines
861,Sada,Vidyapin,svidyapinnw@wikimedia.org,Female,Hong Kong
862,Minta,Olfert,molfertnx@feedburner.com,Bigender,China
863,Elsi,Elecum,eelecumny@rakuten.co.jp,Female,Spain
864,Agatha,Tennet,atennetnz@barnesandnoble.com,Female,China
865,Quinn,Cutforth,qcutfortho0@guardian.co.uk,Female,France
866,Pepita,Gilhouley,pgilhouleyo1@bizjournals.com,Female,Croatia
867,Joane,Magson,jmagsono2@dagondesign.com,Female,Netherlands
868,Tomi,Extall,textallo3@columbia.edu,Female,Philippines
869,Roman,Illiston,rillistono4@odnoklassniki.ru,Male,Slovenia
870,Torrin,Charette,tcharetteo5@independent.co.uk,Male,Portugal
871,Kimmi,Joyce,kjoyceo6@pbs.org,Polygender,Indonesia
872,Philipa,Drakes,pdrakeso7@walmart.com,Female,China
873,Yulma,Wanklin,ywanklino8@ehow.com,Male,Spain
874,Adelaida,Dudding,aduddingo9@icq.com,Female,Colombia
875,Madelene,Kirdsch,mkirdschoa@bravesites.com,Female,Palestinian Territory
876,Evangeline,Pencott,epencottob@arstechnica.com,Female,Sudan
877,Suzann,Hegg,sheggoc@ox.ac.uk,Female,Thailand
878,Patrizio,Spinozzi,pspinozziod@oakley.com,Male,South Africa
879,Georgi,Ahern,gahernoe@elegantthemes.com,Male,South Africa
880,Roderigo,Kettlewell,rkettlewellof@whitehouse.gov,Male,Japan
881,Brigg,Crowch,bcrowchog@japanpost.jp,Male,Poland
882,Rozanne,Pinchen,rpinchenoh@g.co,Female,Russia
883,Lothaire,Ell,lelloi@wiley.com,Male,China
884,Willi,Ribchester,wribchesteroj@chron.com,Male,Ukraine
885,Debi,Fance,dfanceok@quantcast.com,Female,Sri Lanka
886,Blinnie,Bambury,bbamburyol@geocities.com,Female,Kosovo
887,Sax,Andric,sandricom@usgs.gov,Male,Philippines
888,Rutledge,Rake,rrakeon@soup.io,Male,Australia
889,Pavia,Lukesch,plukeschoo@google.cn,Female,Finland
890,Donny,Tillerton,dtillertonop@cornell.edu,Female,Gambia
891,Fidel,Drohane,fdrohaneoq@cafepress.com,Male,Indonesia
892,John,Sambedge,jsambedgeor@auda.org.au,Male,Indonesia
893,Waldemar,Epdell,wepdellos@multiply.com,Agender,Portugal
894,Torey,Roscamp,troscampot@craigslist.org,Female,Pakistan
895,Virgie,Pulbrook,vpulbrookou@cargocollective.com,Male,France
896,Coral,Rawsthorne,crawsthorneov@mail.ru,Female,China
897,Charmion,MacTavish,cmactavishow@wordpress.com,Female,Finland
898,Gwenette,Leaney,gleaneyox@drupal.org,Female,Kazakhstan
899,Arnaldo,Mazzeo,amazzeooy@oaic.gov.au,Male,China
900,Fairfax,Lethem,flethemoz@nature.com,Male,Czech Republic
901,Gian,Maudlin,gmaudlinp0@nps.gov,Male,Kyrgyzstan
902,Gertruda,Remon,gremonp1@mozilla.com,Female,Serbia
903,Felicia,Dealy,fdealyp2@macromedia.com,Female,Zambia
904,Hoyt,Kimbling,hkimblingp3@virginia.edu,Male,Iran
905,Goober,Gierek,ggierekp4@hexun.com,Male,Sweden
906,Shaylah,Scriviner,sscrivinerp5@home.pl,Female,Mexico
907,Chrisse,Maruska,cmaruskap6@irs.gov,Male,China
908,Arv,Altofts,aaltoftsp7@time.com,Male,Russia
909,Libby,Vile,lvilep8@epa.gov,Genderqueer,Thailand
910,Lorelle,Ottley,lottleyp9@nasa.gov,Female,Malaysia
911,Whittaker,Demeter,wdemeterpa@netvibes.com,Male,Brazil
912,Tabb,Grishukhin,tgrishukhinpb@istockphoto.com,Agender,Libya
913,Alta,aManger,aamangerpc@bigcartel.com,Female,Greece
914,Lawrence,Lehrer,llehrerpd@samsung.com,Male,Poland
915,Valle,Iglesias,viglesiaspe@vinaora.com,Male,Philippines
916,Shannon,Faunch,sfaunchpf@mediafire.com,Male,Russia
917,Brandy,Dukes,bdukespg@go.com,Genderqueer,Canada
918,Rene,Alderwick,ralderwickph@bluehost.com,Male,Brazil
919,Percy,Perrinchief,pperrinchiefpi@google.com.au,Male,Mongolia
920,Whitney,Scneider,wscneiderpj@google.de,Male,China
921,Solly,Beche,sbechepk@google.co.uk,Male,Syria
922,Lissy,Southcombe,lsouthcombepl@storify.com,Female,Madagascar
923,Bertie,Greenstreet,bgreenstreetpm@hostgator.com,Female,China
924,Helsa,Tennewell,htennewellpn@meetup.com,Genderqueer,Indonesia
925,Raddie,Grocott,rgrocottpo@de.vu,Non-binary,Portugal
926,Emmet,Proughten,eproughtenpp@phoca.cz,Male,Indonesia
927,Selie,Lackmann,slackmannpq@bigcartel.com,Female,Indonesia
928,Graehme,De Blasi,gdeblasipr@skype.com,Male,Mongolia
929,Abran,Cockayme,acockaymeps@webs.com,Male,China
930,Cherice,Ucchino,cucchinopt@goo.ne.jp,Female,Indonesia
931,Tilda,Playdon,tplaydonpu@tuttocitta.it,Female,Indonesia
932,Anne,Footer,afooterpv@livejournal.com,Female,Poland
933,Johann,Cleobury,jcleoburypw@census.gov,Bigender,Luxembourg
934,Jess,Sket,jsketpx@who.int,Male,Poland
935,Valera,Longstreeth,vlongstreethpy@surveymonkey.com,Agender,China
936,Derek,Butrimovich,dbutrimovichpz@upenn.edu,Genderfluid,Costa Rica
937,Kingston,Roels,kroelsq0@berkeley.edu,Genderqueer,China
938,Miran,Kleinplatz,mkleinplatzq1@unicef.org,Female,Sweden
939,Dawn,Nanninini,dnannininiq2@nydailynews.com,Female,Ukraine
940,Shirl,Vasilyev,svasilyevq3@exblog.jp,Female,Thailand
941,Maris,Persehouse,mpersehouseq4@moonfruit.com,Female,Japan
942,Xymenes,Radenhurst,xradenhurstq5@house.gov,Male,China
943,Dore,Flood,dfloodq6@ovh.net,Male,Laos
944,Siffre,Goshawk,sgoshawkq7@apache.org,Bigender,Philippines
945,Sonny,Lacey,slaceyq8@dagondesign.com,Female,Colombia
946,Hillary,Hove,hhoveq9@geocities.com,Male,Indonesia
947,Johnette,Lerer,jlererqa@freewebs.com,Agender,Peru
948,Jewell,Layman,jlaymanqb@cnbc.com,Female,Indonesia
949,Marika,Bowkett,mbowkettqc@nasa.gov,Female,China
950,Frederick,Lucey,fluceyqd@weather.com,Male,Japan
951,Morey,Coulter,mcoulterqe@ebay.co.uk,Male,China
952,Ludvig,Machin,lmachinqf@furl.net,Male,China
953,Pail,Olyonov,polyonovqg@google.com.br,Male,Czech Republic
954,Dur,Boltwood,dboltwoodqh@istockphoto.com,Male,Norway
955,Minna,Finnimore,mfinnimoreqi@admin.ch,Female,Japan
956,Petra,Budgeon,pbudgeonqj@tuttocitta.it,Female,Yemen
957,Harman,Gherardi,hgherardiqk@360.cn,Male,United States
958,Mariquilla,Duthie,mduthieql@4shared.com,Female,Dominican Republic
959,Almire,Braden,abradenqm@bloglines.com,Female,Philippines
960,Maren,Louisot,mlouisotqn@state.tx.us,Female,China
961,Ameline,Scowcraft,ascowcraftqo@archive.org,Female,Canada
962,Brose,Lemmen,blemmenqp@infoseek.co.jp,Male,Honduras
963,Ailis,Brewins,abrewinsqq@usa.gov,Female,Sweden
964,Clim,Barthram,cbarthramqr@fotki.com,Male,Serbia
965,Solomon,Keune,skeuneqs@noaa.gov,Male,Russia
966,Itch,Benettini,ibenettiniqt@t.co,Male,China
967,Aloisia,Nafziger,anafzigerqu@sciencedirect.com,Female,Poland
968,Duke,Stow,dstowqv@msn.com,Male,Kyrgyzstan
969,Tymon,Tranfield,ttranfieldqw@nhs.uk,Non-binary,France
970,Keir,Sturman,ksturmanqx@vimeo.com,Male,Peru
971,Jameson,Najara,jnajaraqy@salon.com,Male,Canada
972,Barton,Matevosian,bmatevosianqz@youtu.be,Male,Palestinian Territory
973,Rodge,Ridhole,rridholer0@nps.gov,Male,Yemen
974,Alia,Grattage,agrattager1@feedburner.com,Female,Czech Republic
975,Catrina,McCoveney,cmccoveneyr2@nyu.edu,Female,Mongolia
976,Northrup,Hoggetts,nhoggettsr3@ycombinator.com,Male,Taiwan
977,Ronnie,Canwell,rcanwellr4@quantcast.com,Female,Nigeria
978,Tammie,Byk,tbykr5@ezinearticles.com,Female,Mexico
979,Con,Thynn,cthynnr6@pinterest.com,Bigender,Belarus
980,Herrick,Brisland,hbrislandr7@mashable.com,Male,Philippines
981,Anderson,Bottjer,abottjerr8@hp.com,Male,Poland
982,Mora,Devonport,mdevonportr9@sitemeter.com,Female,Russia
983,Adrian,Yurmanovev,ayurmanovevra@homestead.com,Bigender,Nepal
984,Skye,Boichat,sboichatrb@amazon.com,Male,Philippines
985,Janella,Marran,jmarranrc@deviantart.com,Female,Colombia
986,Selma,Bartolic,sbartolicrd@livejournal.com,Female,Greece
987,Juliane,Di Pietro,jdipietrore@amazon.com,Genderqueer,Russia
988,Conan,Gauthorpp,cgauthorpprf@jimdo.com,Male,China
989,Latrina,Garmon,lgarmonrg@discovery.com,Genderqueer,China
990,Shaun,Eger,segerrh@t-online.de,Male,Sweden
991,Rutter,Freund,rfreundri@bing.com,Male,China
992,Carolee,Boughtwood,cboughtwoodrj@nytimes.com,Female,Bangladesh
993,Laurette,Shellum,lshellumrk@sitemeter.com,Female,Indonesia
994,Winn,Fenkel,wfenkelrl@wisc.edu,Male,Croatia
995,Harmony,Mathewes,hmathewesrm@netscape.com,Female,Yemen
996,Sherlocke,Searchwell,ssearchwellrn@timesonline.co.uk,Male,Brazil
997,Everard,Houdhury,ehoudhuryro@harvard.edu,Male,Peru
998,Tobe,Campelli,tcampellirp@indiegogo.com,Male,Philippines
999,Andria,Cops,acopsrq@studiopress.com,Female,Philippines
1000,Nisse,Tolussi,ntolussirr@earthlink.net,Female,Indonesia
